<?xml version="1.0" encoding="UTF-8"?>
<metadata xml:lang="pt"><Esri><CreaDate>20180801</CreaDate><CreaTime>09315700</CreaTime><ArcGISFormat>1.0</ArcGISFormat><SyncOnce>FALSE</SyncOnce><DataProperties><itemProps><itemName Sync="TRUE">RodoviasFederaisMTMaio18</itemName><imsContentType Sync="TRUE">002</imsContentType><itemLocation><linkage Sync="TRUE">file://\\Spnt-040010\servidor cgint\6-MAPAS\1-MAPAS ARCGIS\BaseMT.gdb</linkage><protocol Sync="TRUE">Local Area Network</protocol></itemLocation></itemProps><coordRef><type Sync="TRUE">Geographic</type><geogcsn Sync="TRUE">GCS_SIRGAS_2000</geogcsn><csUnits Sync="TRUE">Angular Unit: Degree (0.017453)</csUnits><peXml Sync="TRUE">&lt;GeographicCoordinateSystem xsi:type='typens:GeographicCoordinateSystem' xmlns:xsi='http://www.w3.org/2001/XMLSchema-instance' xmlns:xs='http://www.w3.org/2001/XMLSchema' xmlns:typens='http://www.esri.com/schemas/ArcGIS/10.1'&gt;&lt;WKT&gt;GEOGCS[&amp;quot;GCS_SIRGAS_2000&amp;quot;,DATUM[&amp;quot;D_SIRGAS_2000&amp;quot;,SPHEROID[&amp;quot;GRS_1980&amp;quot;,6378137.0,298.257222101]],PRIMEM[&amp;quot;Greenwich&amp;quot;,0.0],UNIT[&amp;quot;Degree&amp;quot;,0.0174532925199433],AUTHORITY[&amp;quot;EPSG&amp;quot;,4674]]&lt;/WKT&gt;&lt;XOrigin&gt;-400&lt;/XOrigin&gt;&lt;YOrigin&gt;-400&lt;/YOrigin&gt;&lt;XYScale&gt;999999999.99999988&lt;/XYScale&gt;&lt;ZOrigin&gt;-100000&lt;/ZOrigin&gt;&lt;ZScale&gt;10000&lt;/ZScale&gt;&lt;MOrigin&gt;-100000&lt;/MOrigin&gt;&lt;MScale&gt;10000&lt;/MScale&gt;&lt;XYTolerance&gt;8.9831528411952133e-009&lt;/XYTolerance&gt;&lt;ZTolerance&gt;0.001&lt;/ZTolerance&gt;&lt;MTolerance&gt;0.001&lt;/MTolerance&gt;&lt;HighPrecision&gt;true&lt;/HighPrecision&gt;&lt;LeftLongitude&gt;-180&lt;/LeftLongitude&gt;&lt;WKID&gt;4674&lt;/WKID&gt;&lt;LatestWKID&gt;4674&lt;/LatestWKID&gt;&lt;/GeographicCoordinateSystem&gt;</peXml></coordRef><lineage><Process ToolSource="c:\program files (x86)\arcgis\desktop10.2\ArcToolbox\Toolboxes\Conversion Tools.tbx\FeatureClassToFeatureClass" Date="20180509" Time="154825">FeatureClassToFeatureClass SNV201803A_Entregue_SPI "\\Spnt-040010\servidor cgint\6-MAPAS\1-MAPAS ARCGIS\BaseMT.gdb\Transportes" RodoviasFederaisMTMaio18 # "id_trecho_ "id_trecho_" true true false 10 Double 0 10 ,First,#,SNV201803A_Entregue_SPI,id_trecho_,-1,-1;vl_br "vl_br" true true false 3 Text 0 0 ,First,#,SNV201803A_Entregue_SPI,vl_br,-1,-1;sg_uf "sg_uf" true true false 2 Text 0 0 ,First,#,SNV201803A_Entregue_SPI,sg_uf,-1,-1;nm_tipo_tr "nm_tipo_tr" true true false 254 Text 0 0 ,First,#,SNV201803A_Entregue_SPI,nm_tipo_tr,-1,-1;vl_codigo "vl_codigo" true true false 20 Text 0 0 ,First,#,SNV201803A_Entregue_SPI,vl_codigo,-1,-1;ds_local_i "ds_local_i" true true false 254 Text 0 0 ,First,#,SNV201803A_Entregue_SPI,ds_local_i,-1,-1;ds_local_f "ds_local_f" true true false 254 Text 0 0 ,First,#,SNV201803A_Entregue_SPI,ds_local_f,-1,-1;vl_km_inic "vl_km_inic" true true false 19 Double 8 18 ,First,#,SNV201803A_Entregue_SPI,vl_km_inic,-1,-1;vl_km_fina "vl_km_fina" true true false 19 Double 8 18 ,First,#,SNV201803A_Entregue_SPI,vl_km_fina,-1,-1;vl_extensa "vl_extensa" true true false 19 Double 8 18 ,First,#,SNV201803A_Entregue_SPI,vl_extensa,-1,-1;ds_sup_fed "ds_sup_fed" true true false 254 Text 0 0 ,First,#,SNV201803A_Entregue_SPI,ds_sup_fed,-1,-1;ds_obra "ds_obra" true true false 3 Text 0 0 ,First,#,SNV201803A_Entregue_SPI,ds_obra,-1,-1;ul "ul" true true false 254 Text 0 0 ,First,#,SNV201803A_Entregue_SPI,ul,-1,-1;ds_coinc "ds_coinc" true true false 254 Text 0 0 ,First,#,SNV201803A_Entregue_SPI,ds_coinc,-1,-1;ds_tipo_ad "ds_tipo_ad" true true false 254 Text 0 0 ,First,#,SNV201803A_Entregue_SPI,ds_tipo_ad,-1,-1;ds_ato_leg "ds_ato_leg" true true false 254 Text 0 0 ,First,#,SNV201803A_Entregue_SPI,ds_ato_leg,-1,-1;est_coinc "est_coinc" true true false 254 Text 0 0 ,First,#,SNV201803A_Entregue_SPI,est_coinc,-1,-1;sup_est_co "sup_est_co" true true false 254 Text 0 0 ,First,#,SNV201803A_Entregue_SPI,sup_est_co,-1,-1;ds_jurisdi "ds_jurisdi" true true false 254 Text 0 0 ,First,#,SNV201803A_Entregue_SPI,ds_jurisdi,-1,-1;ds_superfi "ds_superfi" true true false 254 Text 0 0 ,First,#,SNV201803A_Entregue_SPI,ds_superfi,-1,-1;ds_legenda "ds_legenda" true true false 254 Text 0 0 ,First,#,SNV201803A_Entregue_SPI,ds_legenda,-1,-1;sg_legenda "sg_legenda" true true false 254 Text 0 0 ,First,#,SNV201803A_Entregue_SPI,sg_legenda,-1,-1;leg_multim "leg_multim" true true false 254 Text 0 0 ,First,#,SNV201803A_Entregue_SPI,leg_multim,-1,-1;versao_snv "versao_snv" true true false 15 Text 0 0 ,First,#,SNV201803A_Entregue_SPI,versao_snv,-1,-1;id_versao "id_versao" true true false 10 Double 0 10 ,First,#,SNV201803A_Entregue_SPI,id_versao,-1,-1;marcador "marcador" true true false 254 Text 0 0 ,First,#,SNV201803A_Entregue_SPI,marcador,-1,-1" #</Process></lineage></DataProperties><SyncDate>20180509</SyncDate><SyncTime>15482000</SyncTime><ModDate>20180509</ModDate><ModTime>15482000</ModTime></Esri><dataIdInfo><envirDesc Sync="TRUE">Microsoft Windows 7 Version 6.1 (Build 7601) Service Pack 1; Esri ArcGIS 10.2.1.3497</envirDesc><dataLang><languageCode value="por" Sync="TRUE"></languageCode><countryCode value="BRA" Sync="TRUE"></countryCode></dataLang><idCitation><resTitle Sync="TRUE">RodoviasFederaisMTMaio18</resTitle><presForm><PresFormCd value="005" Sync="TRUE"></PresFormCd></presForm></idCitation><spatRpType><SpatRepTypCd value="001" Sync="TRUE"></SpatRepTypCd></spatRpType></dataIdInfo><mdLang><languageCode value="por" Sync="TRUE"></languageCode><countryCode value="BRA" Sync="TRUE"></countryCode></mdLang><distInfo><distFormat><formatName Sync="TRUE">File Geodatabase Feature Class</formatName></distFormat></distInfo><mdHrLv><ScopeCd value="005" Sync="TRUE"></ScopeCd></mdHrLv><mdHrLvName Sync="TRUE">dataset</mdHrLvName><refSysInfo><RefSystem><refSysID><identCode code="4674" Sync="TRUE"></identCode><idCodeSpace Sync="TRUE">EPSG</idCodeSpace><idVersion Sync="TRUE">8.2.6</idVersion></refSysID></RefSystem></refSysInfo><spatRepInfo><VectSpatRep><geometObjs Name="RodoviasFederaisMTMaio18"><geoObjTyp><GeoObjTypCd value="002" Sync="TRUE"></GeoObjTypCd></geoObjTyp><geoObjCnt Sync="TRUE">0</geoObjCnt></geometObjs><topLvl><TopoLevCd value="001" Sync="TRUE"></TopoLevCd></topLvl></VectSpatRep></spatRepInfo><spdoinfo><ptvctinf><esriterm Name="RodoviasFederaisMTMaio18"><efeatyp Sync="TRUE">Simple</efeatyp><efeageom code="3" Sync="TRUE"></efeageom><esritopo Sync="TRUE">FALSE</esritopo><efeacnt Sync="TRUE">0</efeacnt><spindex Sync="TRUE">TRUE</spindex><linrefer Sync="TRUE">FALSE</linrefer></esriterm></ptvctinf></spdoinfo><eainfo><detailed Name="RodoviasFederaisMTMaio18"><enttyp><enttypl Sync="TRUE">RodoviasFederaisMTMaio18</enttypl><enttypt Sync="TRUE">Feature Class</enttypt><enttypc Sync="TRUE">0</enttypc></enttyp><attr><attrlabl Sync="TRUE">OBJECTID</attrlabl><attalias Sync="TRUE">OBJECTID</attalias><attrtype Sync="TRUE">OID</attrtype><attwidth Sync="TRUE">4</attwidth><atprecis Sync="TRUE">0</atprecis><attscale Sync="TRUE">0</attscale><attrdef Sync="TRUE">Internal feature number.</attrdef><attrdefs Sync="TRUE">Esri</attrdefs><attrdomv><udom Sync="TRUE">Sequential unique whole numbers that are automatically generated.</udom></attrdomv></attr><attr><attrlabl Sync="TRUE">Shape</attrlabl><attalias Sync="TRUE">Shape</attalias><attrtype Sync="TRUE">Geometry</attrtype><attwidth Sync="TRUE">0</attwidth><atprecis Sync="TRUE">0</atprecis><attscale Sync="TRUE">0</attscale><attrdef Sync="TRUE">Feature geometry.</attrdef><attrdefs Sync="TRUE">Esri</attrdefs><attrdomv><udom Sync="TRUE">Coordinates defining the features.</udom></attrdomv></attr><attr><attrlabl Sync="TRUE">id_trecho_</attrlabl><attalias Sync="TRUE">id_trecho_</attalias><attrtype Sync="TRUE">Double</attrtype><attwidth Sync="TRUE">8</attwidth><atprecis Sync="TRUE">0</atprecis><attscale Sync="TRUE">0</attscale></attr><attr><attrlabl Sync="TRUE">vl_br</attrlabl><attalias Sync="TRUE">vl_br</attalias><attrtype Sync="TRUE">String</attrtype><attwidth Sync="TRUE">3</attwidth><atprecis Sync="TRUE">0</atprecis><attscale Sync="TRUE">0</attscale></attr><attr><attrlabl Sync="TRUE">sg_uf</attrlabl><attalias Sync="TRUE">sg_uf</attalias><attrtype Sync="TRUE">String</attrtype><attwidth Sync="TRUE">2</attwidth><atprecis Sync="TRUE">0</atprecis><attscale Sync="TRUE">0</attscale></attr><attr><attrlabl Sync="TRUE">nm_tipo_tr</attrlabl><attalias Sync="TRUE">nm_tipo_tr</attalias><attrtype Sync="TRUE">String</attrtype><attwidth Sync="TRUE">254</attwidth><atprecis Sync="TRUE">0</atprecis><attscale Sync="TRUE">0</attscale></attr><attr><attrlabl Sync="TRUE">vl_codigo</attrlabl><attalias Sync="TRUE">vl_codigo</attalias><attrtype Sync="TRUE">String</attrtype><attwidth Sync="TRUE">20</attwidth><atprecis Sync="TRUE">0</atprecis><attscale Sync="TRUE">0</attscale></attr><attr><attrlabl Sync="TRUE">ds_local_i</attrlabl><attalias Sync="TRUE">ds_local_i</attalias><attrtype Sync="TRUE">String</attrtype><attwidth Sync="TRUE">254</attwidth><atprecis Sync="TRUE">0</atprecis><attscale Sync="TRUE">0</attscale></attr><attr><attrlabl Sync="TRUE">ds_local_f</attrlabl><attalias Sync="TRUE">ds_local_f</attalias><attrtype Sync="TRUE">String</attrtype><attwidth Sync="TRUE">254</attwidth><atprecis Sync="TRUE">0</atprecis><attscale Sync="TRUE">0</attscale></attr><attr><attrlabl Sync="TRUE">vl_km_inic</attrlabl><attalias Sync="TRUE">vl_km_inic</attalias><attrtype Sync="TRUE">Double</attrtype><attwidth Sync="TRUE">8</attwidth><atprecis Sync="TRUE">0</atprecis><attscale Sync="TRUE">0</attscale></attr><attr><attrlabl Sync="TRUE">vl_km_fina</attrlabl><attalias Sync="TRUE">vl_km_fina</attalias><attrtype Sync="TRUE">Double</attrtype><attwidth Sync="TRUE">8</attwidth><atprecis Sync="TRUE">0</atprecis><attscale Sync="TRUE">0</attscale></attr><attr><attrlabl Sync="TRUE">vl_extensa</attrlabl><attalias Sync="TRUE">vl_extensa</attalias><attrtype Sync="TRUE">Double</attrtype><attwidth Sync="TRUE">8</attwidth><atprecis Sync="TRUE">0</atprecis><attscale Sync="TRUE">0</attscale></attr><attr><attrlabl Sync="TRUE">ds_sup_fed</attrlabl><attalias Sync="TRUE">ds_sup_fed</attalias><attrtype Sync="TRUE">String</attrtype><attwidth Sync="TRUE">254</attwidth><atprecis Sync="TRUE">0</atprecis><attscale Sync="TRUE">0</attscale></attr><attr><attrlabl Sync="TRUE">ds_obra</attrlabl><attalias Sync="TRUE">ds_obra</attalias><attrtype Sync="TRUE">String</attrtype><attwidth Sync="TRUE">3</attwidth><atprecis Sync="TRUE">0</atprecis><attscale Sync="TRUE">0</attscale></attr><attr><attrlabl Sync="TRUE">ul</attrlabl><attalias Sync="TRUE">ul</attalias><attrtype Sync="TRUE">String</attrtype><attwidth Sync="TRUE">254</attwidth><atprecis Sync="TRUE">0</atprecis><attscale Sync="TRUE">0</attscale></attr><attr><attrlabl Sync="TRUE">ds_coinc</attrlabl><attalias Sync="TRUE">ds_coinc</attalias><attrtype Sync="TRUE">String</attrtype><attwidth Sync="TRUE">254</attwidth><atprecis Sync="TRUE">0</atprecis><attscale Sync="TRUE">0</attscale></attr><attr><attrlabl Sync="TRUE">ds_tipo_ad</attrlabl><attalias Sync="TRUE">ds_tipo_ad</attalias><attrtype Sync="TRUE">String</attrtype><attwidth Sync="TRUE">254</attwidth><atprecis Sync="TRUE">0</atprecis><attscale Sync="TRUE">0</attscale></attr><attr><attrlabl Sync="TRUE">ds_ato_leg</attrlabl><attalias Sync="TRUE">ds_ato_leg</attalias><attrtype Sync="TRUE">String</attrtype><attwidth Sync="TRUE">254</attwidth><atprecis Sync="TRUE">0</atprecis><attscale Sync="TRUE">0</attscale></attr><attr><attrlabl Sync="TRUE">est_coinc</attrlabl><attalias Sync="TRUE">est_coinc</attalias><attrtype Sync="TRUE">String</attrtype><attwidth Sync="TRUE">254</attwidth><atprecis Sync="TRUE">0</atprecis><attscale Sync="TRUE">0</attscale></attr><attr><attrlabl Sync="TRUE">sup_est_co</attrlabl><attalias Sync="TRUE">sup_est_co</attalias><attrtype Sync="TRUE">String</attrtype><attwidth Sync="TRUE">254</attwidth><atprecis Sync="TRUE">0</atprecis><attscale Sync="TRUE">0</attscale></attr><attr><attrlabl Sync="TRUE">ds_jurisdi</attrlabl><attalias Sync="TRUE">ds_jurisdi</attalias><attrtype Sync="TRUE">String</attrtype><attwidth Sync="TRUE">254</attwidth><atprecis Sync="TRUE">0</atprecis><attscale Sync="TRUE">0</attscale></attr><attr><attrlabl Sync="TRUE">ds_superfi</attrlabl><attalias Sync="TRUE">ds_superfi</attalias><attrtype Sync="TRUE">String</attrtype><attwidth Sync="TRUE">254</attwidth><atprecis Sync="TRUE">0</atprecis><attscale Sync="TRUE">0</attscale></attr><attr><attrlabl Sync="TRUE">ds_legenda</attrlabl><attalias Sync="TRUE">ds_legenda</attalias><attrtype Sync="TRUE">String</attrtype><attwidth Sync="TRUE">254</attwidth><atprecis Sync="TRUE">0</atprecis><attscale Sync="TRUE">0</attscale></attr><attr><attrlabl Sync="TRUE">sg_legenda</attrlabl><attalias Sync="TRUE">sg_legenda</attalias><attrtype Sync="TRUE">String</attrtype><attwidth Sync="TRUE">254</attwidth><atprecis Sync="TRUE">0</atprecis><attscale Sync="TRUE">0</attscale></attr><attr><attrlabl Sync="TRUE">leg_multim</attrlabl><attalias Sync="TRUE">leg_multim</attalias><attrtype Sync="TRUE">String</attrtype><attwidth Sync="TRUE">254</attwidth><atprecis Sync="TRUE">0</atprecis><attscale Sync="TRUE">0</attscale></attr><attr><attrlabl Sync="TRUE">versao_snv</attrlabl><attalias Sync="TRUE">versao_snv</attalias><attrtype Sync="TRUE">String</attrtype><attwidth Sync="TRUE">15</attwidth><atprecis Sync="TRUE">0</atprecis><attscale Sync="TRUE">0</attscale></attr><attr><attrlabl Sync="TRUE">id_versao</attrlabl><attalias Sync="TRUE">id_versao</attalias><attrtype Sync="TRUE">Double</attrtype><attwidth Sync="TRUE">8</attwidth><atprecis Sync="TRUE">0</atprecis><attscale Sync="TRUE">0</attscale></attr><attr><attrlabl Sync="TRUE">marcador</attrlabl><attalias Sync="TRUE">marcador</attalias><attrtype Sync="TRUE">String</attrtype><attwidth Sync="TRUE">254</attwidth><atprecis Sync="TRUE">0</atprecis><attscale Sync="TRUE">0</attscale></attr><attr><attrlabl Sync="TRUE">Shape_Length</attrlabl><attalias Sync="TRUE">Shape_Length</attalias><attrtype Sync="TRUE">Double</attrtype><attwidth Sync="TRUE">8</attwidth><atprecis Sync="TRUE">0</atprecis><attscale Sync="TRUE">0</attscale><attrdef Sync="TRUE">Length of feature in internal units.</attrdef><attrdefs Sync="TRUE">Esri</attrdefs><attrdomv><udom Sync="TRUE">Positive real numbers that are automatically generated.</udom></attrdomv></attr></detailed></eainfo><mdDateSt Sync="TRUE">20180509</mdDateSt></metadata>
